{
  "gw": 2,
  "overall": {
    "mae": 1.7882031507797378,
    "rmse": 2.476510948657064,
    "spearman": 0.5767169856283564,
    "ndcg_at_11": 1.050862468496793e-05
  },
  "by_pos": {
    "GK": {
      "mae": 1.5688932715807329,
      "rmse": 2.134428734772973,
      "ndcg_at_11": 0.42750306074134053
    },
    "DEF": {
      "mae": 1.8332630570383568,
      "rmse": 2.6768738895821462,
      "ndcg_at_11": 3.6931345734962514e-06
    },
    "MID": {
      "mae": 1.761328326499765,
      "rmse": 2.343711478067481,
      "ndcg_at_11": 0.007305904298505305
    },
    "FWD": {
      "mae": 1.997714247052402,
      "rmse": 2.703838642999446,
      "ndcg_at_11": 0.00047862149165044023
    }
  }
}
