{
  "gw": 1,
  "overall": {
    "mae": 2.0972295630551456,
    "rmse": 2.4326875129139474,
    "spearman": 0.5757955823099801,
    "ndcg_at_11": 0.7385082017832182
  },
  "by_pos": {
    "GK": {
      "mae": 2.111225582697009,
      "rmse": 2.355856466797388,
      "ndcg_at_11": 0.5519226634207892
    },
    "DEF": {
      "mae": 2.145321257193916,
      "rmse": 2.5203940801899742,
      "ndcg_at_11": 0.9618940707488852
    },
    "MID": {
      "mae": 1.942603521330431,
      "rmse": 2.2389337289825284,
      "ndcg_at_11": 0.9936508939677533
    },
    "FWD": {
      "mae": 2.581772178875105,
      "rmse": 2.9624230237230953,
      "ndcg_at_11": 0.7857130531595962
    }
  }
}
